<?xml version="1.0" encoding="UTF-8"?>
<!DOCTYPE mapper
	PUBLIC "-//mybatis.org//DTD Mapper 3.0//EN"
	"http://mybatis.org/dtd/mybatis-3-mapper.dtd">
<mapper namespace="kr.ajs.portfolio.dao.AdminDao">
	<insert id="goodsAdd">
		insert into goods (goodsName, goodsPrice, goodsPoint, goodsType, goodsImg) values(#{goods.goodsName}, #{goods.goodsPrice}, #{goods.goodsPoint}, #{goods.goodsType}, #{goods.goodsImg});
	</insert>
	<insert id="postAdd">
		insert into post (post_userId, post_goodsNum, postDiscount, postImg) values(#{post.post_userId}, (select goodsNum from goods where goodsName=#{goods.goodsName}), #{post.postDiscount}, #{post.postImg});
	</insert>
	<insert id="optionAdd">
		insert into portfolio.option (option_goodsNum, optionColor, optionStock) values((select goodsNum from goods where goodsName=#{goods.goodsName}), #{color}, #{stock});
	</insert>
	<select id="getPost" resultType="kr.ajs.portfolio.vo.PostVo">
		select * from post where postNum=#{postNum}
	</select>
	<select id="getGoods" resultType="kr.ajs.portfolio.vo.GoodsVo">
		select * from goods where goodsNum=#{goodsNum}
	</select>
	<select id="getOptionList" resultType="kr.ajs.portfolio.vo.OptionVo">
		select * from portfolio.option where option_goodsNum = #{goodsNum} and optionIsDel = 'N'
	</select>
	<update id="goodsModify">
		update goods
		 <trim prefix="SET" suffixOverrides=",">
		 	goodsPrice=#{goods.goodsPrice}, goodsPoint=#{goods.goodsPoint},
		 	<if test="goods.goodsImg!=null">goodsImg=#{goods.goodsImg},</if>
	 	</trim>
	 	 where goodsNum=#{goods.goodsNum}
	</update>
	<update id="postModify">
		update post
		<trim prefix="SET" suffixOverrides=",">
			postDiscount=#{post.postDiscount},
			<if test="post.postImg!=null">postImg=#{post.postImg},</if>
		</trim>	
		where postNum=#{post.postNum}
	</update>
	<update id="optionAllDel">
		update portfolio.option set optionIsDel = 'Y' where option_goodsNum = #{goods.goodsNum}
	</update>
	<select id="checkOption" resultType="kr.ajs.portfolio.vo.OptionVo">
		select * from portfolio.option where option_goodsNum = #{goods.goodsNum} and optionColor = #{color}
	</select>
	<update id="optionModify">
		update portfolio.option set optionStock = #{stock}, optionIsDel = 'N' where option_goodsNum = #{goods.goodsNum} and optionColor = #{color}
	</update>
	<update id="postDelete">
		update post set postIsDel = 'Y', postDelDate = now() where postNum = #{postNum}
	</update>
	<select id="countUncheckOrder" resultType="int">
		select count(*) from portfolio.order where orderState = "미확인"
	</select>
	<update id="orderStateModify">
		update portfolio.order set orderState = #{orderState} where orderNum = #{orderNum}
	</update>
	<select id="getUncheckOrder" resultType="kr.ajs.portfolio.vo.OrderVo">
		select * from portfolio.order where orderState = "미확인" order by orderNum asc limit 0, 6;
	</select>
	<select id="countUncheckRecall" resultType="int">
		select count(*) from recall where recallState = "미확인"
	</select>
	<update id="recallStateModify">
		update recall set recallState = #{recallState} where recallNum = #{recallNum}
	</update>
	<select id="getUncheckRecallList" resultType="kr.ajs.portfolio.vo.BoardRecallListVo">
		select * from recall where recallState = "미확인" order by recallNum asc limit 0, 6;
	</select>
	<select id="countUncheckAs" resultType="int">
		select count(*) from portfolio.as where asState = "미확인"
	</select>
	<select id="getUncheckAs" resultType="kr.ajs.portfolio.vo.AsVo">
		select * from portfolio.as where asState = "미확인" order by asNum asc limit 0, 6;
	</select>
	<update id="asStateModify">
		update portfolio.as set asState=#{as.asState} where asNum = #{as.asNum}
	</update>
	<insert id="noticeAdd">
		insert into notice (noticeTitle, notice_userId, noticeContent)
		values(#{notice.noticeTitle}, #{user.userId}, #{notice.noticeContent})
	</insert>
	<update id="noticeModify">
		update notice set noticeTitle=#{notice.noticeTitle}, noticeContent=#{notice.noticeContent} where noticeNum=#{notice.noticeNum}
	</update>
	<update id="noticeDel">
		update notice set noticeIsDel = 'Y' where noticeNum=#{num}
	</update>
	<insert id="qaAnswerAdd">
		insert into qa (qaOriginNum, qaTitle, qaWriter, qaIsOpen, qaPw, qaContent, qaIsCheck)
		values(#{qa.qaOriginNum}, #{qa.qaTitle}, #{user.userId}, #{qa.qaIsOpen}, #{qa.qaPw}, #{qa.qaContent}, 'Y')
	</insert>
	<update id="qaStateModify">
		update qa set qaIsCheck = 'Y' where qaNum=#{qa.qaNum}
	</update>
	<select id="qaOriginNumCount" resultType="int">
		select count(*) from qa where qaOriginNum = #{qaOriginNum} and qaIsDel = 'N'
	</select>
	<update id="qaModify">
		update qa set qaTitle = #{qa.qaTitle}, qaContent = #{qa.qaContent} where qaNum = #{qa.qaNum}
	</update>
	<update id="qaDel">
		update qa set qaIsDel = 'Y'
		<if test="qa.qaNum==qa.qaOriginNum">
			where qaOriginNum = #{qa.qaOriginNum}
		</if>
		<if test="qa.qaNum!=qa.qaOriginNum">
			where qaNum = #{qa.qaNum}
		</if>
	</update>
	<update id="qaStateReset">
		update qa set qaIsDel = 'N' where qaNum = #{qa.qaOriginNum}
	</update>
	<select id="countUncheckQa" resultType="int">
		select count(*) from qa where qaIsCheck = 'N'
	</select>
	<select id="getUncheckQa" resultType="kr.ajs.portfolio.vo.QaVo">
		select * from qa where qaNum = qaOriginNum and qaIsCheck = 'N' order by qaNum asc limit 0, 6;
	</select>
</mapper>