<?xml version="1.0" encoding="UTF-8"?>
<beans:beans xmlns="http://www.springframework.org/schema/mvc"
	xmlns:xsi="http://www.w3.org/2001/XMLSchema-instance"
	xmlns:beans="http://www.springframework.org/schema/beans"
	xmlns:context="http://www.springframework.org/schema/context"
	xmlns:task="http://www.springframework.org/schema/task"
	xsi:schemaLocation="http://www.springframework.org/schema/mvc https://www.springframework.org/schema/mvc/spring-mvc.xsd
		http://www.springframework.org/schema/beans https://www.springframework.org/schema/beans/spring-beans.xsd
		http://www.springframework.org/schema/context https://www.springframework.org/schema/context/spring-context.xsd
		http://www.springframework.org/schema/task http://www.springframework.org/schema/task/spring-task.xsd">

	<!-- DispatcherServlet Context: defines this servlet's request-processing infrastructure -->
	
	<!-- Enables the Spring MVC @Controller programming model -->
	<annotation-driven />

	<!-- Handles HTTP GET requests for /resources/** by efficiently serving up static resources in the ${webappRoot}/resources directory -->
	<resources mapping="/resources/**" location="/resources/" />

	<!-- Resolves views selected for rendering by @Controllers to .jsp resources in the /WEB-INF/views directory -->
	<beans:bean class="org.springframework.web.servlet.view.InternalResourceViewResolver">
		<beans:property name="prefix" value="/WEB-INF/views/" />
		<beans:property name="suffix" value=".jsp" />
	</beans:bean>
	
	<context:component-scan base-package="kr.ajs.portfolio.*" />
	
	<beans:bean id="tilesViewResolver" class="org.springframework.web.servlet.view.UrlBasedViewResolver">
	    <beans:property name="viewClass" value="org.springframework.web.servlet.view.tiles3.TilesView" />
	    <beans:property name="order" value="1" /><!-- 순서를 우선으로 지정 -->
	</beans:bean>
	<beans:bean id="tilesConfigurer" class="org.springframework.web.servlet.view.tiles3.TilesConfigurer">
	    <beans:property name="definitions">
	        <beans:list>
	            <beans:value>/WEB-INF/spring/tiles-def.xml</beans:value>
	        </beans:list>
	    </beans:property>
	</beans:bean>
	<beans:bean id="loginInterceptor" class="kr.ajs.portfolio.interceptor.LoginInterceptor"></beans:bean>
	<beans:bean id="adminInterceptor" class="kr.ajs.portfolio.interceptor.AdminInterceptor"></beans:bean>
	<beans:bean id="memberInterceptor" class="kr.ajs.portfolio.interceptor.MemberInterceptor"></beans:bean>
	<beans:bean id="lateviewInterceptor" class="kr.ajs.portfolio.interceptor.LateViewInterceptor"></beans:bean>
	<interceptors>
		<interceptor>
			<mapping path="/login"/>
			<mapping path="/loginorder"/>
			<mapping path="/loginorderview"/>
			<beans:ref bean="loginInterceptor"/>
		</interceptor>
		<interceptor> 
       		<mapping path="/admin/*"/>
        	<beans:ref bean="adminInterceptor"/>
    	</interceptor>
		<interceptor> 
       		<mapping path="/asselect"/>
       		<mapping path="/asapply"/>
       		<mapping path="/asviewlist"/>
       		<mapping path="/asview"/>
       		<mapping path="/reviewwritelist"/>
       		<mapping path="/reviewwrite"/>
       		<mapping path="/reviewmodify"/>
       		<mapping path="/mypage"/>
        	<beans:ref bean="memberInterceptor"/>
    	</interceptor>
    	<interceptor>
    		<mapping path="/*"/>
    		<beans:ref bean="lateviewInterceptor"/>
    	</interceptor>
	</interceptors>
	<!-- 파일업로드 -->
	<beans:bean id="multipartResolver" class="org.springframework.web.multipart.commons.CommonsMultipartResolver">
    	<!-- 업로드 최대 크기 10Mb -->
    	<beans:property name="maxUploadSize" value="10485760"></beans:property>
	</beans:bean>
	<context:component-scan base-package="com.ksmart.harulook.scheduler" />
	<task:scheduler id="jobScheduler" pool-size="10" />
	<task:annotation-driven scheduler="jobScheduler" />
</beans:beans>
